-- Real Agent Sam production workflows
-- Pure INSERT OR IGNORE only. No transactions. No temp tables. No helper tables.
INSERT OR IGNORE INTO agentsam_workflows (id, tenant_id, workspace_id, workflow_key, display_name, description, workflow_type, trigger_type, default_mode, default_task_type, risk_level, requires_approval, max_concurrent_nodes, timeout_ms, quality_gate_json, metadata_json, is_active, is_platform_global) VALUES ('wf_agent_browser_inspection_to_patch', 'tenant_sam_primeaux', 'ws_inneranimalmedia', 'agent_browser_inspection_to_patch', 'Browser Inspection to Patch', 'Turns BrowserView selected elements, computed styles, console/network state, and page context into a Monaco-ready patch plan with validation steps.', 'agentic', 'manual', 'agent', 'browser_ui_repair', 'medium', 0, 3, 300000, '{"requires_structured_output":true,"capture_tokens":true,"capture_cost":true}', '{"models":{"route":"gpt-5.4-nano","work":"gpt-5.4-mini"},"surfaces":["browser","inspector","monaco","chat"],"production_real":true}', 1, 1);
INSERT OR IGNORE INTO agentsam_workflow_nodes (workflow_id, node_key, node_type, title, description, handler_key, input_schema_json, output_schema_json, timeout_ms, retry_policy_json, quality_gate_json, risk_level, requires_approval, is_active, sort_order) VALUES ('wf_agent_browser_inspection_to_patch', 'capture_browser_context', 'agent', 'Capture Browser Context', 'Collect selected element, DOM path, computed styles, route, console, and network state.', 'browser.capture_context', '{}', '{}', 60000, '{"max_retries":1,"backoff":"exponential","delay_ms":1000}', '{"model_route":"gpt-5.4-nano","model_work":"gpt-5.4-mini"}', 'low', 0, 1, 10);
INSERT OR IGNORE INTO agentsam_workflow_nodes (workflow_id, node_key, node_type, title, description, handler_key, input_schema_json, output_schema_json, timeout_ms, retry_policy_json, quality_gate_json, risk_level, requires_approval, is_active, sort_order) VALUES ('wf_agent_browser_inspection_to_patch', 'diagnose_ui_issue', 'agent', 'Diagnose UI Issue', 'Identify likely component, CSS, route, or data-binding issue.', 'openai.mini.diagnose_ui_issue', '{}', '{}', 60000, '{"max_retries":1,"backoff":"exponential","delay_ms":1000}', '{"model_route":"gpt-5.4-nano","model_work":"gpt-5.4-mini"}', 'medium', 0, 1, 20);
INSERT OR IGNORE INTO agentsam_workflow_edges (workflow_id, from_node_key, to_node_key, condition_type, priority, label) VALUES ('wf_agent_browser_inspection_to_patch', 'capture_browser_context', 'diagnose_ui_issue', 'always', 20, 'capture_browser_context -> diagnose_ui_issue');
INSERT OR IGNORE INTO agentsam_workflow_nodes (workflow_id, node_key, node_type, title, description, handler_key, input_schema_json, output_schema_json, timeout_ms, retry_policy_json, quality_gate_json, risk_level, requires_approval, is_active, sort_order) VALUES ('wf_agent_browser_inspection_to_patch', 'prepare_monaco_patch_plan', 'agent', 'Prepare Monaco Patch Plan', 'Return exact Monaco/Cursor patch plan with files, validation commands, and rollback notes.', 'openai.mini.prepare_patch_plan', '{}', '{}', 60000, '{"max_retries":1,"backoff":"exponential","delay_ms":1000}', '{"model_route":"gpt-5.4-nano","model_work":"gpt-5.4-mini"}', 'medium', 0, 1, 30);
INSERT OR IGNORE INTO agentsam_workflow_edges (workflow_id, from_node_key, to_node_key, condition_type, priority, label) VALUES ('wf_agent_browser_inspection_to_patch', 'diagnose_ui_issue', 'prepare_monaco_patch_plan', 'always', 30, 'diagnose_ui_issue -> prepare_monaco_patch_plan');
INSERT OR IGNORE INTO agentsam_workflow_nodes (workflow_id, node_key, node_type, title, description, handler_key, input_schema_json, output_schema_json, timeout_ms, retry_policy_json, quality_gate_json, risk_level, requires_approval, is_active, sort_order) VALUES ('wf_agent_browser_inspection_to_patch', 'validate_patch_plan', 'eval', 'Validate Patch Plan', 'Validate that the plan has file paths, tests, and no vague instructions.', 'eval.patch_plan_quality', '{}', '{}', 60000, '{"max_retries":1,"backoff":"exponential","delay_ms":1000}', '{"model_route":"gpt-5.4-nano","model_work":"gpt-5.4-mini"}', 'low', 0, 1, 40);
INSERT OR IGNORE INTO agentsam_workflow_edges (workflow_id, from_node_key, to_node_key, condition_type, priority, label) VALUES ('wf_agent_browser_inspection_to_patch', 'prepare_monaco_patch_plan', 'validate_patch_plan', 'always', 40, 'prepare_monaco_patch_plan -> validate_patch_plan');
INSERT OR IGNORE INTO agentsam_workflow_nodes (workflow_id, node_key, node_type, title, description, handler_key, input_schema_json, output_schema_json, timeout_ms, retry_policy_json, quality_gate_json, risk_level, requires_approval, is_active, sort_order) VALUES ('wf_agent_browser_inspection_to_patch', 'emit_ui_timeline', 'webhook', 'Emit UI Timeline', 'Send diagnosis and patch plan to Agent Sam live timeline.', 'ui.emit_workflow_timeline_event', '{}', '{}', 60000, '{"max_retries":1,"backoff":"exponential","delay_ms":1000}', '{"model_route":"gpt-5.4-nano","model_work":"gpt-5.4-mini"}', 'low', 0, 1, 50);
INSERT OR IGNORE INTO agentsam_workflow_edges (workflow_id, from_node_key, to_node_key, condition_type, priority, label) VALUES ('wf_agent_browser_inspection_to_patch', 'validate_patch_plan', 'emit_ui_timeline', 'always', 50, 'validate_patch_plan -> emit_ui_timeline');
INSERT OR IGNORE INTO agentsam_workflows (id, tenant_id, workspace_id, workflow_key, display_name, description, workflow_type, trigger_type, default_mode, default_task_type, risk_level, requires_approval, max_concurrent_nodes, timeout_ms, quality_gate_json, metadata_json, is_active, is_platform_global) VALUES ('wf_agent_d1_workflow_data_audit', 'tenant_sam_primeaux', 'ws_inneranimalmedia', 'agent_d1_workflow_data_audit', 'D1 Workflow Data Audit', 'Audits workflow tables for broken graph links, empty runs, missing costs, stale smoke rows, and UI binding gaps.', 'agentic', 'manual', 'agent', 'd1_audit', 'low', 0, 3, 300000, '{"requires_structured_output":true,"capture_tokens":true,"capture_cost":true}', '{"models":{"route":"gpt-5.4-nano","work":"gpt-5.4-mini"},"tables":["agentsam_workflows","agentsam_workflow_nodes","agentsam_workflow_edges","agentsam_workflow_runs"],"production_real":true}', 1, 1);
INSERT OR IGNORE INTO agentsam_workflow_nodes (workflow_id, node_key, node_type, title, description, handler_key, input_schema_json, output_schema_json, timeout_ms, retry_policy_json, quality_gate_json, risk_level, requires_approval, is_active, sort_order) VALUES ('wf_agent_d1_workflow_data_audit', 'inspect_workflow_tables', 'db_query', 'Inspect Workflow Tables', 'Query workflows, nodes, edges, and runs for counts, orphans, empty step JSON, and smoke clutter.', 'db.audit_workflow_tables', '{}', '{}', 60000, '{"max_retries":1,"backoff":"exponential","delay_ms":1000}', '{"model_route":"gpt-5.4-nano","model_work":"gpt-5.4-mini"}', 'low', 0, 1, 10);
INSERT OR IGNORE INTO agentsam_workflow_nodes (workflow_id, node_key, node_type, title, description, handler_key, input_schema_json, output_schema_json, timeout_ms, retry_policy_json, quality_gate_json, risk_level, requires_approval, is_active, sort_order) VALUES ('wf_agent_d1_workflow_data_audit', 'summarize_implementation_gaps', 'agent', 'Summarize Implementation Gaps', 'Explain real workflows, smoke clutter, and missing runtime/UI bindings.', 'openai.mini.summarize_d1_workflow_gaps', '{}', '{}', 60000, '{"max_retries":1,"backoff":"exponential","delay_ms":1000}', '{"model_route":"gpt-5.4-nano","model_work":"gpt-5.4-mini"}', 'low', 0, 1, 20);
INSERT OR IGNORE INTO agentsam_workflow_edges (workflow_id, from_node_key, to_node_key, condition_type, priority, label) VALUES ('wf_agent_d1_workflow_data_audit', 'inspect_workflow_tables', 'summarize_implementation_gaps', 'always', 20, 'inspect_workflow_tables -> summarize_implementation_gaps');
INSERT OR IGNORE INTO agentsam_workflow_nodes (workflow_id, node_key, node_type, title, description, handler_key, input_schema_json, output_schema_json, timeout_ms, retry_policy_json, quality_gate_json, risk_level, requires_approval, is_active, sort_order) VALUES ('wf_agent_d1_workflow_data_audit', 'score_graph_health', 'eval', 'Score Graph Health', 'Score whether graph data is executable and UI-bindable.', 'eval.workflow_graph_health', '{}', '{}', 60000, '{"max_retries":1,"backoff":"exponential","delay_ms":1000}', '{"model_route":"gpt-5.4-nano","model_work":"gpt-5.4-mini"}', 'low', 0, 1, 30);
INSERT OR IGNORE INTO agentsam_workflow_edges (workflow_id, from_node_key, to_node_key, condition_type, priority, label) VALUES ('wf_agent_d1_workflow_data_audit', 'summarize_implementation_gaps', 'score_graph_health', 'always', 30, 'summarize_implementation_gaps -> score_graph_health');
INSERT OR IGNORE INTO agentsam_workflow_nodes (workflow_id, node_key, node_type, title, description, handler_key, input_schema_json, output_schema_json, timeout_ms, retry_policy_json, quality_gate_json, risk_level, requires_approval, is_active, sort_order) VALUES ('wf_agent_d1_workflow_data_audit', 'emit_audit_card', 'webhook', 'Emit Audit Card', 'Render audit result into Agent Sam inspector and timeline.', 'ui.emit_audit_card', '{}', '{}', 60000, '{"max_retries":1,"backoff":"exponential","delay_ms":1000}', '{"model_route":"gpt-5.4-nano","model_work":"gpt-5.4-mini"}', 'low', 0, 1, 40);
INSERT OR IGNORE INTO agentsam_workflow_edges (workflow_id, from_node_key, to_node_key, condition_type, priority, label) VALUES ('wf_agent_d1_workflow_data_audit', 'score_graph_health', 'emit_audit_card', 'always', 40, 'score_graph_health -> emit_audit_card');
INSERT OR IGNORE INTO agentsam_workflows (id, tenant_id, workspace_id, workflow_key, display_name, description, workflow_type, trigger_type, default_mode, default_task_type, risk_level, requires_approval, max_concurrent_nodes, timeout_ms, quality_gate_json, metadata_json, is_active, is_platform_global) VALUES ('wf_agent_r2_artifact_publish_pipeline', 'tenant_sam_primeaux', 'ws_inneranimalmedia', 'agent_r2_artifact_publish_pipeline', 'R2 Artifact Publish Pipeline', 'Validates generated artifacts, assigns an R2 key, publishes to R2, and registers the result in agentsam_artifacts for Library UI.', 'agentic', 'manual', 'agent', 'artifact_publish', 'medium', 0, 3, 300000, '{"requires_structured_output":true,"capture_tokens":true,"capture_cost":true}', '{"models":{"route":"gpt-5.4-nano","work":"gpt-5.4-mini"},"tables":["agentsam_artifacts"],"r2_bucket":"inneranimalmedia-assets","production_real":true}', 1, 1);
INSERT OR IGNORE INTO agentsam_workflow_nodes (workflow_id, node_key, node_type, title, description, handler_key, input_schema_json, output_schema_json, timeout_ms, retry_policy_json, quality_gate_json, risk_level, requires_approval, is_active, sort_order) VALUES ('wf_agent_r2_artifact_publish_pipeline', 'validate_artifact_payload', 'eval', 'Validate Artifact Payload', 'Check artifact name, type, source, tags, content size, R2 key plan, and publish eligibility.', 'eval.artifact_payload', '{}', '{}', 60000, '{"max_retries":1,"backoff":"exponential","delay_ms":1000}', '{"model_route":"gpt-5.4-nano","model_work":"gpt-5.4-mini"}', 'low', 0, 1, 10);
INSERT OR IGNORE INTO agentsam_workflow_nodes (workflow_id, node_key, node_type, title, description, handler_key, input_schema_json, output_schema_json, timeout_ms, retry_policy_json, quality_gate_json, risk_level, requires_approval, is_active, sort_order) VALUES ('wf_agent_r2_artifact_publish_pipeline', 'prepare_r2_object', 'agent', 'Prepare R2 Object', 'Prepare sanitized artifact content and metadata for R2 upload.', 'openai.mini.prepare_r2_artifact', '{}', '{}', 60000, '{"max_retries":1,"backoff":"exponential","delay_ms":1000}', '{"model_route":"gpt-5.4-nano","model_work":"gpt-5.4-mini"}', 'medium', 0, 1, 20);
INSERT OR IGNORE INTO agentsam_workflow_edges (workflow_id, from_node_key, to_node_key, condition_type, priority, label) VALUES ('wf_agent_r2_artifact_publish_pipeline', 'validate_artifact_payload', 'prepare_r2_object', 'always', 20, 'validate_artifact_payload -> prepare_r2_object');
INSERT OR IGNORE INTO agentsam_workflow_nodes (workflow_id, node_key, node_type, title, description, handler_key, input_schema_json, output_schema_json, timeout_ms, retry_policy_json, quality_gate_json, risk_level, requires_approval, is_active, sort_order) VALUES ('wf_agent_r2_artifact_publish_pipeline', 'publish_to_r2', 'script', 'Publish to R2', 'Upload artifact content to configured R2 bucket/key.', 'script.r2_put_artifact', '{}', '{}', 60000, '{"max_retries":1,"backoff":"exponential","delay_ms":1000}', '{"model_route":"gpt-5.4-nano","model_work":"gpt-5.4-mini"}', 'medium', 0, 1, 30);
INSERT OR IGNORE INTO agentsam_workflow_edges (workflow_id, from_node_key, to_node_key, condition_type, priority, label) VALUES ('wf_agent_r2_artifact_publish_pipeline', 'prepare_r2_object', 'publish_to_r2', 'always', 30, 'prepare_r2_object -> publish_to_r2');
INSERT OR IGNORE INTO agentsam_workflow_nodes (workflow_id, node_key, node_type, title, description, handler_key, input_schema_json, output_schema_json, timeout_ms, retry_policy_json, quality_gate_json, risk_level, requires_approval, is_active, sort_order) VALUES ('wf_agent_r2_artifact_publish_pipeline', 'register_artifact_row', 'db_query', 'Register Artifact Row', 'Insert/update agentsam_artifacts with R2 key, URL, source, tags, visibility, and file size.', 'db.upsert_agentsam_artifact', '{}', '{}', 60000, '{"max_retries":1,"backoff":"exponential","delay_ms":1000}', '{"model_route":"gpt-5.4-nano","model_work":"gpt-5.4-mini"}', 'low', 0, 1, 40);
INSERT OR IGNORE INTO agentsam_workflow_edges (workflow_id, from_node_key, to_node_key, condition_type, priority, label) VALUES ('wf_agent_r2_artifact_publish_pipeline', 'publish_to_r2', 'register_artifact_row', 'always', 40, 'publish_to_r2 -> register_artifact_row');
INSERT OR IGNORE INTO agentsam_workflow_nodes (workflow_id, node_key, node_type, title, description, handler_key, input_schema_json, output_schema_json, timeout_ms, retry_policy_json, quality_gate_json, risk_level, requires_approval, is_active, sort_order) VALUES ('wf_agent_r2_artifact_publish_pipeline', 'emit_library_refresh', 'webhook', 'Emit Library Refresh', 'Notify /dashboard/library to refresh artifact list and preview card.', 'ui.emit_library_refresh', '{}', '{}', 60000, '{"max_retries":1,"backoff":"exponential","delay_ms":1000}', '{"model_route":"gpt-5.4-nano","model_work":"gpt-5.4-mini"}', 'low', 0, 1, 50);
INSERT OR IGNORE INTO agentsam_workflow_edges (workflow_id, from_node_key, to_node_key, condition_type, priority, label) VALUES ('wf_agent_r2_artifact_publish_pipeline', 'register_artifact_row', 'emit_library_refresh', 'always', 50, 'register_artifact_row -> emit_library_refresh');
INSERT OR IGNORE INTO agentsam_workflows (id, tenant_id, workspace_id, workflow_key, display_name, description, workflow_type, trigger_type, default_mode, default_task_type, risk_level, requires_approval, max_concurrent_nodes, timeout_ms, quality_gate_json, metadata_json, is_active, is_platform_global) VALUES ('wf_agent_hyperdrive_connection_repair', 'tenant_sam_primeaux', 'ws_inneranimalmedia', 'agent_hyperdrive_connection_repair', 'Hyperdrive Connection Repair', 'Audits Worker bindings, Hyperdrive env access, Supabase connection path, query failures, and dashboard database integration before deploy.', 'agentic', 'manual', 'agent', 'hyperdrive_debug', 'high', 1, 3, 300000, '{"requires_structured_output":true,"capture_tokens":true,"capture_cost":true}', '{"models":{"route":"gpt-5.4-nano","work":"gpt-5.4-mini"},"surfaces":["worker","hyperdrive","supabase","dashboard/database"],"production_real":true}', 1, 1);
INSERT OR IGNORE INTO agentsam_workflow_nodes (workflow_id, node_key, node_type, title, description, handler_key, input_schema_json, output_schema_json, timeout_ms, retry_policy_json, quality_gate_json, risk_level, requires_approval, is_active, sort_order) VALUES ('wf_agent_hyperdrive_connection_repair', 'audit_worker_bindings', 'script', 'Audit Worker Bindings', 'Inspect wrangler config, Worker env binding names, Hyperdrive binding presence, and safe non-secret metadata.', 'script.audit_hyperdrive_bindings', '{}', '{}', 60000, '{"max_retries":1,"backoff":"exponential","delay_ms":1000}', '{"model_route":"gpt-5.4-nano","model_work":"gpt-5.4-mini"}', 'medium', 0, 1, 10);
INSERT OR IGNORE INTO agentsam_workflow_nodes (workflow_id, node_key, node_type, title, description, handler_key, input_schema_json, output_schema_json, timeout_ms, retry_policy_json, quality_gate_json, risk_level, requires_approval, is_active, sort_order) VALUES ('wf_agent_hyperdrive_connection_repair', 'test_hyperdrive_path', 'terminal', 'Test Hyperdrive Path', 'Run safe connectivity checks without exposing credentials.', 'terminal.hyperdrive_connectivity_check', '{}', '{}', 60000, '{"max_retries":1,"backoff":"exponential","delay_ms":1000}', '{"model_route":"gpt-5.4-nano","model_work":"gpt-5.4-mini"}', 'high', 1, 1, 20);
INSERT OR IGNORE INTO agentsam_workflow_edges (workflow_id, from_node_key, to_node_key, condition_type, priority, label) VALUES ('wf_agent_hyperdrive_connection_repair', 'audit_worker_bindings', 'test_hyperdrive_path', 'always', 20, 'audit_worker_bindings -> test_hyperdrive_path');
INSERT OR IGNORE INTO agentsam_workflow_nodes (workflow_id, node_key, node_type, title, description, handler_key, input_schema_json, output_schema_json, timeout_ms, retry_policy_json, quality_gate_json, risk_level, requires_approval, is_active, sort_order) VALUES ('wf_agent_hyperdrive_connection_repair', 'diagnose_connection_failure', 'agent', 'Diagnose Connection Failure', 'Map failures to binding/env/query/client/runtime causes.', 'openai.mini.diagnose_hyperdrive', '{}', '{}', 60000, '{"max_retries":1,"backoff":"exponential","delay_ms":1000}', '{"model_route":"gpt-5.4-nano","model_work":"gpt-5.4-mini"}', 'medium', 0, 1, 30);
INSERT OR IGNORE INTO agentsam_workflow_edges (workflow_id, from_node_key, to_node_key, condition_type, priority, label) VALUES ('wf_agent_hyperdrive_connection_repair', 'test_hyperdrive_path', 'diagnose_connection_failure', 'always', 30, 'test_hyperdrive_path -> diagnose_connection_failure');
INSERT OR IGNORE INTO agentsam_workflow_nodes (workflow_id, node_key, node_type, title, description, handler_key, input_schema_json, output_schema_json, timeout_ms, retry_policy_json, quality_gate_json, risk_level, requires_approval, is_active, sort_order) VALUES ('wf_agent_hyperdrive_connection_repair', 'approval_before_deploy_fix', 'approval_gate', 'Approval Before Deploy Fix', 'Require approval before deploy-affecting Hyperdrive or Worker changes.', 'approval.require_owner', '{}', '{}', 60000, '{"max_retries":1,"backoff":"exponential","delay_ms":1000}', '{"model_route":"gpt-5.4-nano","model_work":"gpt-5.4-mini"}', 'high', 1, 1, 40);
INSERT OR IGNORE INTO agentsam_workflow_edges (workflow_id, from_node_key, to_node_key, condition_type, priority, label) VALUES ('wf_agent_hyperdrive_connection_repair', 'diagnose_connection_failure', 'approval_before_deploy_fix', 'always', 40, 'diagnose_connection_failure -> approval_before_deploy_fix');
INSERT OR IGNORE INTO agentsam_workflow_nodes (workflow_id, node_key, node_type, title, description, handler_key, input_schema_json, output_schema_json, timeout_ms, retry_policy_json, quality_gate_json, risk_level, requires_approval, is_active, sort_order) VALUES ('wf_agent_hyperdrive_connection_repair', 'emit_hyperdrive_report', 'webhook', 'Emit Hyperdrive Report', 'Send fix plan and validation checklist to dashboard/database and Agent timeline.', 'ui.emit_hyperdrive_report', '{}', '{}', 60000, '{"max_retries":1,"backoff":"exponential","delay_ms":1000}', '{"model_route":"gpt-5.4-nano","model_work":"gpt-5.4-mini"}', 'low', 0, 1, 50);
INSERT OR IGNORE INTO agentsam_workflow_edges (workflow_id, from_node_key, to_node_key, condition_type, priority, label) VALUES ('wf_agent_hyperdrive_connection_repair', 'approval_before_deploy_fix', 'emit_hyperdrive_report', 'always', 50, 'approval_before_deploy_fix -> emit_hyperdrive_report');
INSERT OR IGNORE INTO agentsam_workflows (id, tenant_id, workspace_id, workflow_key, display_name, description, workflow_type, trigger_type, default_mode, default_task_type, risk_level, requires_approval, max_concurrent_nodes, timeout_ms, quality_gate_json, metadata_json, is_active, is_platform_global) VALUES ('wf_agent_analytics_rollup_builder', 'tenant_sam_primeaux', 'ws_inneranimalmedia', 'agent_analytics_rollup_builder', 'Analytics Rollup Builder', 'Builds dashboard-ready datasets from workflow runs, model usage, tool calls, costs, latency, status counts, and health signals.', 'agentic', 'manual', 'agent', 'analytics_rollup', 'low', 0, 3, 300000, '{"requires_structured_output":true,"capture_tokens":true,"capture_cost":true}', '{"models":{"route":"gpt-5.4-nano","work":"gpt-5.4-mini"},"charts":["line","bar","pie","health","cost"],"production_real":true}', 1, 1);
INSERT OR IGNORE INTO agentsam_workflow_nodes (workflow_id, node_key, node_type, title, description, handler_key, input_schema_json, output_schema_json, timeout_ms, retry_policy_json, quality_gate_json, risk_level, requires_approval, is_active, sort_order) VALUES ('wf_agent_analytics_rollup_builder', 'collect_raw_usage_events', 'db_query', 'Collect Raw Usage Events', 'Collect run status, costs, tokens, duration, model usage, tool calls, and errors.', 'db.collect_agent_usage_events', '{}', '{}', 60000, '{"max_retries":1,"backoff":"exponential","delay_ms":1000}', '{"model_route":"gpt-5.4-nano","model_work":"gpt-5.4-mini"}', 'low', 0, 1, 10);
INSERT OR IGNORE INTO agentsam_workflow_nodes (workflow_id, node_key, node_type, title, description, handler_key, input_schema_json, output_schema_json, timeout_ms, retry_policy_json, quality_gate_json, risk_level, requires_approval, is_active, sort_order) VALUES ('wf_agent_analytics_rollup_builder', 'build_chart_datasets', 'agent', 'Build Chart Datasets', 'Transform raw usage into line/bar/pie/health datasets.', 'openai.mini.build_analytics_datasets', '{}', '{}', 60000, '{"max_retries":1,"backoff":"exponential","delay_ms":1000}', '{"model_route":"gpt-5.4-nano","model_work":"gpt-5.4-mini"}', 'low', 0, 1, 20);
INSERT OR IGNORE INTO agentsam_workflow_edges (workflow_id, from_node_key, to_node_key, condition_type, priority, label) VALUES ('wf_agent_analytics_rollup_builder', 'collect_raw_usage_events', 'build_chart_datasets', 'always', 20, 'collect_raw_usage_events -> build_chart_datasets');
INSERT OR IGNORE INTO agentsam_workflow_nodes (workflow_id, node_key, node_type, title, description, handler_key, input_schema_json, output_schema_json, timeout_ms, retry_policy_json, quality_gate_json, risk_level, requires_approval, is_active, sort_order) VALUES ('wf_agent_analytics_rollup_builder', 'validate_chart_contract', 'eval', 'Validate Chart Contract', 'Ensure datasets match frontend chart schema and include empty/failure states.', 'eval.chart_dataset_contract', '{}', '{}', 60000, '{"max_retries":1,"backoff":"exponential","delay_ms":1000}', '{"model_route":"gpt-5.4-nano","model_work":"gpt-5.4-mini"}', 'low', 0, 1, 30);
INSERT OR IGNORE INTO agentsam_workflow_edges (workflow_id, from_node_key, to_node_key, condition_type, priority, label) VALUES ('wf_agent_analytics_rollup_builder', 'build_chart_datasets', 'validate_chart_contract', 'always', 30, 'build_chart_datasets -> validate_chart_contract');
INSERT OR IGNORE INTO agentsam_workflow_nodes (workflow_id, node_key, node_type, title, description, handler_key, input_schema_json, output_schema_json, timeout_ms, retry_policy_json, quality_gate_json, risk_level, requires_approval, is_active, sort_order) VALUES ('wf_agent_analytics_rollup_builder', 'persist_rollup_snapshot', 'db_query', 'Persist Rollup Snapshot', 'Persist rollup output for dashboard/cache consumption.', 'db.persist_analytics_rollup', '{}', '{}', 60000, '{"max_retries":1,"backoff":"exponential","delay_ms":1000}', '{"model_route":"gpt-5.4-nano","model_work":"gpt-5.4-mini"}', 'low', 0, 1, 40);
INSERT OR IGNORE INTO agentsam_workflow_edges (workflow_id, from_node_key, to_node_key, condition_type, priority, label) VALUES ('wf_agent_analytics_rollup_builder', 'validate_chart_contract', 'persist_rollup_snapshot', 'always', 40, 'validate_chart_contract -> persist_rollup_snapshot');
INSERT OR IGNORE INTO agentsam_workflow_nodes (workflow_id, node_key, node_type, title, description, handler_key, input_schema_json, output_schema_json, timeout_ms, retry_policy_json, quality_gate_json, risk_level, requires_approval, is_active, sort_order) VALUES ('wf_agent_analytics_rollup_builder', 'emit_analytics_refresh', 'webhook', 'Emit Analytics Refresh', 'Notify Analytics dashboard to refresh charts and KPI cards.', 'ui.emit_analytics_refresh', '{}', '{}', 60000, '{"max_retries":1,"backoff":"exponential","delay_ms":1000}', '{"model_route":"gpt-5.4-nano","model_work":"gpt-5.4-mini"}', 'low', 0, 1, 50);
INSERT OR IGNORE INTO agentsam_workflow_edges (workflow_id, from_node_key, to_node_key, condition_type, priority, label) VALUES ('wf_agent_analytics_rollup_builder', 'persist_rollup_snapshot', 'emit_analytics_refresh', 'always', 50, 'persist_rollup_snapshot -> emit_analytics_refresh');
INSERT OR IGNORE INTO agentsam_workflows (id, tenant_id, workspace_id, workflow_key, display_name, description, workflow_type, trigger_type, default_mode, default_task_type, risk_level, requires_approval, max_concurrent_nodes, timeout_ms, quality_gate_json, metadata_json, is_active, is_platform_global) VALUES ('wf_agent_openai_cost_safe_execution', 'tenant_sam_primeaux', 'ws_inneranimalmedia', 'agent_openai_cost_safe_execution', 'OpenAI Cost-Safe Execution', 'Routes real Agent Sam tasks through gpt-5.4-nano classification/eval and gpt-5.4-mini execution with strict cost, token, timeout, and approval gates.', 'agentic', 'manual', 'agent', 'openai_execution', 'medium', 0, 3, 300000, '{"requires_structured_output":true,"capture_tokens":true,"capture_cost":true}', '{"models":{"route":"gpt-5.4-nano","work":"gpt-5.4-mini"},"pro_enabled":false,"production_real":true}', 1, 1);
INSERT OR IGNORE INTO agentsam_workflow_nodes (workflow_id, node_key, node_type, title, description, handler_key, input_schema_json, output_schema_json, timeout_ms, retry_policy_json, quality_gate_json, risk_level, requires_approval, is_active, sort_order) VALUES ('wf_agent_openai_cost_safe_execution', 'classify_task_with_nano', 'agent', 'Classify Task With Nano', 'Classify task type, risk, expected output, tools needed, and whether mini should execute.', 'openai.nano.classify_task', '{}', '{}', 60000, '{"max_retries":1,"backoff":"exponential","delay_ms":1000}', '{"model_route":"gpt-5.4-nano","model_work":"gpt-5.4-mini"}', 'low', 0, 1, 10);
INSERT OR IGNORE INTO agentsam_workflow_nodes (workflow_id, node_key, node_type, title, description, handler_key, input_schema_json, output_schema_json, timeout_ms, retry_policy_json, quality_gate_json, risk_level, requires_approval, is_active, sort_order) VALUES ('wf_agent_openai_cost_safe_execution', 'check_budget_gate', 'branch', 'Check Budget Gate', 'Stop or continue based on max cost, max tokens, risk, and approval requirements.', 'branch.cost_token_risk_gate', '{}', '{}', 60000, '{"max_retries":1,"backoff":"exponential","delay_ms":1000}', '{"model_route":"gpt-5.4-nano","model_work":"gpt-5.4-mini"}', 'low', 0, 1, 20);
INSERT OR IGNORE INTO agentsam_workflow_edges (workflow_id, from_node_key, to_node_key, condition_type, priority, label) VALUES ('wf_agent_openai_cost_safe_execution', 'classify_task_with_nano', 'check_budget_gate', 'always', 20, 'classify_task_with_nano -> check_budget_gate');
INSERT OR IGNORE INTO agentsam_workflow_nodes (workflow_id, node_key, node_type, title, description, handler_key, input_schema_json, output_schema_json, timeout_ms, retry_policy_json, quality_gate_json, risk_level, requires_approval, is_active, sort_order) VALUES ('wf_agent_openai_cost_safe_execution', 'execute_with_mini', 'agent', 'Execute With Mini', 'Use gpt-5.4-mini to perform real task under cost and output schema controls.', 'openai.mini.execute_task', '{}', '{}', 60000, '{"max_retries":1,"backoff":"exponential","delay_ms":1000}', '{"model_route":"gpt-5.4-nano","model_work":"gpt-5.4-mini"}', 'medium', 0, 1, 30);
INSERT OR IGNORE INTO agentsam_workflow_edges (workflow_id, from_node_key, to_node_key, condition_type, priority, label) VALUES ('wf_agent_openai_cost_safe_execution', 'check_budget_gate', 'execute_with_mini', 'always', 30, 'check_budget_gate -> execute_with_mini');
INSERT OR IGNORE INTO agentsam_workflow_nodes (workflow_id, node_key, node_type, title, description, handler_key, input_schema_json, output_schema_json, timeout_ms, retry_policy_json, quality_gate_json, risk_level, requires_approval, is_active, sort_order) VALUES ('wf_agent_openai_cost_safe_execution', 'evaluate_result_with_nano', 'eval', 'Evaluate Result With Nano', 'Verify completeness, safety, and schema.', 'openai.nano.evaluate_task_result', '{}', '{}', 60000, '{"max_retries":1,"backoff":"exponential","delay_ms":1000}', '{"model_route":"gpt-5.4-nano","model_work":"gpt-5.4-mini"}', 'low', 0, 1, 40);
INSERT OR IGNORE INTO agentsam_workflow_edges (workflow_id, from_node_key, to_node_key, condition_type, priority, label) VALUES ('wf_agent_openai_cost_safe_execution', 'execute_with_mini', 'evaluate_result_with_nano', 'always', 40, 'execute_with_mini -> evaluate_result_with_nano');
INSERT OR IGNORE INTO agentsam_workflow_nodes (workflow_id, node_key, node_type, title, description, handler_key, input_schema_json, output_schema_json, timeout_ms, retry_policy_json, quality_gate_json, risk_level, requires_approval, is_active, sort_order) VALUES ('wf_agent_openai_cost_safe_execution', 'persist_model_ledger', 'db_query', 'Persist Model Ledger', 'Write actual model, tokens, cost, latency, and step results into run ledger.', 'db.persist_model_ledger', '{}', '{}', 60000, '{"max_retries":1,"backoff":"exponential","delay_ms":1000}', '{"model_route":"gpt-5.4-nano","model_work":"gpt-5.4-mini"}', 'low', 0, 1, 50);
INSERT OR IGNORE INTO agentsam_workflow_edges (workflow_id, from_node_key, to_node_key, condition_type, priority, label) VALUES ('wf_agent_openai_cost_safe_execution', 'evaluate_result_with_nano', 'persist_model_ledger', 'always', 50, 'evaluate_result_with_nano -> persist_model_ledger');
INSERT OR IGNORE INTO agentsam_workflows (id, tenant_id, workspace_id, workflow_key, display_name, description, workflow_type, trigger_type, default_mode, default_task_type, risk_level, requires_approval, max_concurrent_nodes, timeout_ms, quality_gate_json, metadata_json, is_active, is_platform_global) VALUES ('wf_agent_dashboard_live_workbench_repair', 'tenant_sam_primeaux', 'ws_inneranimalmedia', 'agent_dashboard_live_workbench_repair', 'Dashboard Live Workbench Repair', 'Repairs /dashboard/agent live workbench bindings across chat, BrowserView, inspector, explorer, Monaco, workflow timeline, SSE events, and run persistence.', 'agentic', 'manual', 'agent', 'dashboard_repair', 'medium', 0, 3, 300000, '{"requires_structured_output":true,"capture_tokens":true,"capture_cost":true}', '{"models":{"route":"gpt-5.4-nano","work":"gpt-5.4-mini"},"route":"/dashboard/agent","production_real":true}', 1, 1);
INSERT OR IGNORE INTO agentsam_workflow_nodes (workflow_id, node_key, node_type, title, description, handler_key, input_schema_json, output_schema_json, timeout_ms, retry_policy_json, quality_gate_json, risk_level, requires_approval, is_active, sort_order) VALUES ('wf_agent_dashboard_live_workbench_repair', 'map_live_workbench_bindings', 'agent', 'Map Live Workbench Bindings', 'Map chat, BrowserView, inspector, Monaco, explorer, terminal, and timeline data flow.', 'openai.mini.map_dashboard_bindings', '{}', '{}', 60000, '{"max_retries":1,"backoff":"exponential","delay_ms":1000}', '{"model_route":"gpt-5.4-nano","model_work":"gpt-5.4-mini"}', 'medium', 0, 1, 10);
INSERT OR IGNORE INTO agentsam_workflow_nodes (workflow_id, node_key, node_type, title, description, handler_key, input_schema_json, output_schema_json, timeout_ms, retry_policy_json, quality_gate_json, risk_level, requires_approval, is_active, sort_order) VALUES ('wf_agent_dashboard_live_workbench_repair', 'inspect_sse_and_run_state', 'script', 'Inspect SSE and Run State', 'Check SSE events, run mutations, current_node_key, and timeline consumption.', 'script.inspect_agent_sse_run_state', '{}', '{}', 60000, '{"max_retries":1,"backoff":"exponential","delay_ms":1000}', '{"model_route":"gpt-5.4-nano","model_work":"gpt-5.4-mini"}', 'medium', 0, 1, 20);
INSERT OR IGNORE INTO agentsam_workflow_edges (workflow_id, from_node_key, to_node_key, condition_type, priority, label) VALUES ('wf_agent_dashboard_live_workbench_repair', 'map_live_workbench_bindings', 'inspect_sse_and_run_state', 'always', 20, 'map_live_workbench_bindings -> inspect_sse_and_run_state');
INSERT OR IGNORE INTO agentsam_workflow_nodes (workflow_id, node_key, node_type, title, description, handler_key, input_schema_json, output_schema_json, timeout_ms, retry_policy_json, quality_gate_json, risk_level, requires_approval, is_active, sort_order) VALUES ('wf_agent_dashboard_live_workbench_repair', 'prepare_workbench_repair_plan', 'agent', 'Prepare Workbench Repair Plan', 'Prepare exact repair steps for UI bindings and runtime event contracts.', 'openai.mini.prepare_workbench_repair_plan', '{}', '{}', 60000, '{"max_retries":1,"backoff":"exponential","delay_ms":1000}', '{"model_route":"gpt-5.4-nano","model_work":"gpt-5.4-mini"}', 'medium', 0, 1, 30);
INSERT OR IGNORE INTO agentsam_workflow_edges (workflow_id, from_node_key, to_node_key, condition_type, priority, label) VALUES ('wf_agent_dashboard_live_workbench_repair', 'inspect_sse_and_run_state', 'prepare_workbench_repair_plan', 'always', 30, 'inspect_sse_and_run_state -> prepare_workbench_repair_plan');
INSERT OR IGNORE INTO agentsam_workflow_nodes (workflow_id, node_key, node_type, title, description, handler_key, input_schema_json, output_schema_json, timeout_ms, retry_policy_json, quality_gate_json, risk_level, requires_approval, is_active, sort_order) VALUES ('wf_agent_dashboard_live_workbench_repair', 'validate_workbench_plan', 'eval', 'Validate Workbench Plan', 'Validate repair plan against route, component, DB, SSE, and fallback requirements.', 'eval.workbench_repair_plan', '{}', '{}', 60000, '{"max_retries":1,"backoff":"exponential","delay_ms":1000}', '{"model_route":"gpt-5.4-nano","model_work":"gpt-5.4-mini"}', 'low', 0, 1, 40);
INSERT OR IGNORE INTO agentsam_workflow_edges (workflow_id, from_node_key, to_node_key, condition_type, priority, label) VALUES ('wf_agent_dashboard_live_workbench_repair', 'prepare_workbench_repair_plan', 'validate_workbench_plan', 'always', 40, 'prepare_workbench_repair_plan -> validate_workbench_plan');
INSERT OR IGNORE INTO agentsam_workflow_nodes (workflow_id, node_key, node_type, title, description, handler_key, input_schema_json, output_schema_json, timeout_ms, retry_policy_json, quality_gate_json, risk_level, requires_approval, is_active, sort_order) VALUES ('wf_agent_dashboard_live_workbench_repair', 'emit_repair_plan', 'webhook', 'Emit Repair Plan', 'Render repair plan into Agent Sam timeline and Monaco task panel.', 'ui.emit_workbench_repair_plan', '{}', '{}', 60000, '{"max_retries":1,"backoff":"exponential","delay_ms":1000}', '{"model_route":"gpt-5.4-nano","model_work":"gpt-5.4-mini"}', 'low', 0, 1, 50);
INSERT OR IGNORE INTO agentsam_workflow_edges (workflow_id, from_node_key, to_node_key, condition_type, priority, label) VALUES ('wf_agent_dashboard_live_workbench_repair', 'validate_workbench_plan', 'emit_repair_plan', 'always', 50, 'validate_workbench_plan -> emit_repair_plan');
INSERT OR IGNORE INTO agentsam_workflows (id, tenant_id, workspace_id, workflow_key, display_name, description, workflow_type, trigger_type, default_mode, default_task_type, risk_level, requires_approval, max_concurrent_nodes, timeout_ms, quality_gate_json, metadata_json, is_active, is_platform_global) VALUES ('wf_agent_library_assets_backend_connect', 'tenant_sam_primeaux', 'ws_inneranimalmedia', 'agent_library_assets_backend_connect', 'Library Assets Backend Connect', 'Connects /dashboard/library to agentsam_artifacts, R2 object metadata, preview URLs, tags, visibility, source, artifact type, and workspace scoping.', 'agentic', 'manual', 'agent', 'library_backend_connect', 'medium', 0, 3, 300000, '{"requires_structured_output":true,"capture_tokens":true,"capture_cost":true}', '{"models":{"route":"gpt-5.4-nano","work":"gpt-5.4-mini"},"route":"/dashboard/library","tables":["agentsam_artifacts"],"production_real":true}', 1, 1);
INSERT OR IGNORE INTO agentsam_workflow_nodes (workflow_id, node_key, node_type, title, description, handler_key, input_schema_json, output_schema_json, timeout_ms, retry_policy_json, quality_gate_json, risk_level, requires_approval, is_active, sort_order) VALUES ('wf_agent_library_assets_backend_connect', 'inspect_artifacts_schema', 'db_query', 'Inspect Artifacts Schema', 'Read agentsam_artifacts columns and sample rows to determine real backend fields.', 'db.inspect_agentsam_artifacts', '{}', '{}', 60000, '{"max_retries":1,"backoff":"exponential","delay_ms":1000}', '{"model_route":"gpt-5.4-nano","model_work":"gpt-5.4-mini"}', 'low', 0, 1, 10);
INSERT OR IGNORE INTO agentsam_workflow_nodes (workflow_id, node_key, node_type, title, description, handler_key, input_schema_json, output_schema_json, timeout_ms, retry_policy_json, quality_gate_json, risk_level, requires_approval, is_active, sort_order) VALUES ('wf_agent_library_assets_backend_connect', 'map_library_ui_contract', 'agent', 'Map Library UI Contract', 'Map artifact rows to cards, previews, filters, tags, visibility, source badges, and R2 URLs.', 'openai.mini.map_library_ui_contract', '{}', '{}', 60000, '{"max_retries":1,"backoff":"exponential","delay_ms":1000}', '{"model_route":"gpt-5.4-nano","model_work":"gpt-5.4-mini"}', 'medium', 0, 1, 20);
INSERT OR IGNORE INTO agentsam_workflow_edges (workflow_id, from_node_key, to_node_key, condition_type, priority, label) VALUES ('wf_agent_library_assets_backend_connect', 'inspect_artifacts_schema', 'map_library_ui_contract', 'always', 20, 'inspect_artifacts_schema -> map_library_ui_contract');
INSERT OR IGNORE INTO agentsam_workflow_nodes (workflow_id, node_key, node_type, title, description, handler_key, input_schema_json, output_schema_json, timeout_ms, retry_policy_json, quality_gate_json, risk_level, requires_approval, is_active, sort_order) VALUES ('wf_agent_library_assets_backend_connect', 'validate_r2_preview_access', 'script', 'Validate R2 Preview Access', 'Check public_url/r2_key access patterns and preview failure states.', 'script.validate_r2_artifact_previews', '{}', '{}', 60000, '{"max_retries":1,"backoff":"exponential","delay_ms":1000}', '{"model_route":"gpt-5.4-nano","model_work":"gpt-5.4-mini"}', 'medium', 0, 1, 30);
INSERT OR IGNORE INTO agentsam_workflow_edges (workflow_id, from_node_key, to_node_key, condition_type, priority, label) VALUES ('wf_agent_library_assets_backend_connect', 'map_library_ui_contract', 'validate_r2_preview_access', 'always', 30, 'map_library_ui_contract -> validate_r2_preview_access');
INSERT OR IGNORE INTO agentsam_workflow_nodes (workflow_id, node_key, node_type, title, description, handler_key, input_schema_json, output_schema_json, timeout_ms, retry_policy_json, quality_gate_json, risk_level, requires_approval, is_active, sort_order) VALUES ('wf_agent_library_assets_backend_connect', 'prepare_library_backend_patch', 'agent', 'Prepare Library Backend Patch', 'Prepare exact backend/frontend patch plan for Library page.', 'openai.mini.prepare_library_backend_patch', '{}', '{}', 60000, '{"max_retries":1,"backoff":"exponential","delay_ms":1000}', '{"model_route":"gpt-5.4-nano","model_work":"gpt-5.4-mini"}', 'medium', 0, 1, 40);
INSERT OR IGNORE INTO agentsam_workflow_edges (workflow_id, from_node_key, to_node_key, condition_type, priority, label) VALUES ('wf_agent_library_assets_backend_connect', 'validate_r2_preview_access', 'prepare_library_backend_patch', 'always', 40, 'validate_r2_preview_access -> prepare_library_backend_patch');
INSERT OR IGNORE INTO agentsam_workflow_nodes (workflow_id, node_key, node_type, title, description, handler_key, input_schema_json, output_schema_json, timeout_ms, retry_policy_json, quality_gate_json, risk_level, requires_approval, is_active, sort_order) VALUES ('wf_agent_library_assets_backend_connect', 'emit_library_patch_plan', 'webhook', 'Emit Library Patch Plan', 'Send backend connection plan to Agent timeline and Library debug panel.', 'ui.emit_library_patch_plan', '{}', '{}', 60000, '{"max_retries":1,"backoff":"exponential","delay_ms":1000}', '{"model_route":"gpt-5.4-nano","model_work":"gpt-5.4-mini"}', 'low', 0, 1, 50);
INSERT OR IGNORE INTO agentsam_workflow_edges (workflow_id, from_node_key, to_node_key, condition_type, priority, label) VALUES ('wf_agent_library_assets_backend_connect', 'prepare_library_backend_patch', 'emit_library_patch_plan', 'always', 50, 'prepare_library_backend_patch -> emit_library_patch_plan');
